decision_id,decision,working_recommendation,deadline_impact
D01,Project identity/domain and approved visual direction,New product identity; three tabletop studies; selective Inkspire reuse,"During M0, before final branding/assets"
D02,Monthly operating/tool/art budget and hosting durability tolerance,Capped staging/closed beta; public provider chosen from measured RPO/load,Before any paid provisioning; public choice before M6
D03,Initial audience/geography/age policy,Start with invited audience and one region; research actual intended users,Before real-user beta/account publication
D04,Launch catalog/formats and release labeling,All target released content catalogued; only certified identities playable; Core/Infinity ordinary play first,"After RULE-01 inventory, before beta claims"
D05,Collection/ranked/reward/acquisition balance,Lab currency eligibility preserved; ownership-free Lab; accessible acquisition path before Collection Ranked,Before M2 economy tuning/M4 ranked
D06,Crafting/wildcards and market/trading model,Choose one missing-card mechanism; NPC virtual acquisition first; P2P deferred unless selected,Before broad economy design; X03 policy explicit
D07,"Asset/data rights, permitted hosting/use and privacy terms",Neutral fixtures until authorized distribution is established,Before public assets or real-user release
D08,Supported device floors and mobile release readiness,Desktop primary; core touch alongside; advertise only tested journeys,"After M1 device proof, before beta support claims"
D09,Public feature scope and optional items,Preserve all checklist options; decide consciously at milestone review,Before claiming full vision completed
